[[
	{
		"name": "First Name",
		"type": "text",
		"value": "fn",
		"editable": false
	},
	{
		"name": "Last Name",
		"type": "text",
		"value": "ln",
		"editable": false
	},
	{
		"name": "Gender",
		"type": "text",
		"value": "gender",
		"editable": false
	},
	{
		"name": "Contact Number",
		"type": "tel2",
		"value": "phone",
		"editable": true,
		"verified": true
	},
	{
		"name": "Alternate Number* (Optional) ",
		"type": "tel2",
		"value": "phone1",
		"editable": true,
		"verified": true
	},
	{
		"name": "E-Mail",
		"type": "email",
		"value": "email",
		"editable": true,
		"verified": true,
		"extra": "userid"
	},
	{
		"name": "Work E-Mail",
		"type": "email",
		"value": "workemail",
		"editable": true,
		"verified": true
	},
	{
		"name": "Date of birth",
		"type": "date",
		"min": "15 years",
		"max": "100 years",
		"fld": "dob",
		"editable": true
	},
	{
		"name": "Your Age",
		"type": "text",
		"fld": "age",
		"editable": false
	},	
	{
		"name": "Country Name",
		"type": "select",
		"value": "cntry",
		"options": [
			"Argentina",
			"Australia",
			"Austria",
			"Belgium",
			"Brazil",
			"Bulgaria",
			"Canada",
			"Chile",
			"China",
			"Columbia",
			"Czech Republic (Czechia)",
			"Denmark",
			"Egypt",
			"Finland",
			"France",
			"Germany",
			"Greece",
			"Hongkong",
			"India",
			"Indonesia",
			"Ireland",
			"Italy",
			"Japan",
			"Kenya",
			"KSA",
			"Kuwait",
			"Malaysia",
			"Mexico",
			"Netherlands",
			"New Zealand",
			"Nigeria",
			"Norway",
			"Phillipines",
			"Poland",
			"Portugal",
			"Qatar",
			"Romania",
			"Russia",
			"Singapore",
			"South Africa",
			"South Korea",
			"Spain",
			"Sweden",
			"Switzerland",
			"Taiwan",
			"Thailand",
			"Turkey",
			"UAE",
			"Ukraine",
			"United Kingdom",
			"USA",
			"Vietnam"
		],
		"editable": false
	},
	{
		"name": "State",
		"type": "select",
		"options": {
			"type": "api",
			"endpoint": "/country/:cn",
			"method": "get"
		},
		"editable": false
	},
	{
		"name": "Zipcode/Postal code",
		"type": "text",
		"validation": {
			"type": "api",
			"endpoint": "/country/:cn/:zipcode",
			"method": "get"
		},
		"editable": false
	}
	],	[
		{
			"name": "Please Select your ethinicity",
			"type": "select",
			"options": {
				"0": "White",
				"1": "Black, or African American",
				"2": "American Indian or Alaska Native",
				"Asian": [
					"Indian",
					"Chinese",
					"Filipino",
					"Japanese",
					"Korean",
					"Vietnamese",
					"Other"
				],
				"Pacific Islander": [
					"Native Hawaiian",
					"Guamanian",
					"Samoan",
					"Other Pacific Islander"
				],
				"5": "Some other race",
				"6": "Prefer not to answer"
			},
			"multiselect": false,
			"editable": false
		},
	{
		"name": "Are you of Hispanic, Latino, or Spanish origin?",
		"type": "select",
		"options": [
			"No , not of Hispanic, Latino, or Spanish origin",
			"No , not of Hispanic, Latino, or Spanish origin",
			"Yes, Mexican, Mexican American, Chicano",
			"Yes, Cuban",
			"Yes, another Hispanic, Latino, or Spanish origin-Argentina",
			"Yes, another Hispanic, Latino, or Spanish origin-Colombia",
			"Yes, another Hispanic, Latino, or Spanish origin-Ecuador",
			"Yes, another Hispanic, Latino, or Spanish origin-El Salvador",
			"Yes, another Hispanic, Latino, or Spanish origin-Guatemala",
			"Yes, another Hispanic, Latino, or Spanish origin-Nicaragua",
			"Yes, another Hispanic, Latino, or Spanish origin-Panama",
			"Yes, another Hispanic, Latino, or Spanish origin-Peru",
			"Yes, another Hispanic, Latino, or Spanish origin-Spain",
			"Yes, another Hispanic, Latino, or Spanish origin-Venezuela",
			"Yes, another Hispanic, Latino, or Spanish origin-Other Country",
			"Prefer not to answer",
			"Yes, Puerto Rican"
		],
		"editable": false
	},
	{
		"name": "What is the highest level of education you have completed?",
		"type": "select",
		"options": [
			"3rd Grade or less",
			"Middle School - Grades 4 - 8",
			"High school graduate",
			"Other post high school vocational training",
			"Completed some college, but no degree",
			"Associate Degree",
			"College Degree (such as B.A., B.S.)",
			"Completed some graduate, but no degree",
			"Masters degree",
			"Doctorate degree",
			"None of the Above"
		],
		"editable": true
	},
	{
		"name": "What is your relationship status?",
		"type": "select",
		"options": [
			"Single, never married",
			"Married",
			"Separated, divorced or widowed",
			"Domestic partnership/living with someone",
			"Prefer not to answer"
		],
		"editable": true
	},
	{
		"name": "How many children do you have under the age of 18?",
		"type": "select",
		"min": 0,
		"options":[0,1,2,3,4,5,6,7,8,9],
		"editable": true
	},
	{
		"name": "Please Choose your hobbies & Interest ?",
		"type": "checkbox",
		"options": [
			"Acroyoga",
			"Acting",
			"Adult Sport Leagues",
			"Airsoft",
			"Animation",
			"Ant-Keeping",
			"Antiquing",
			"Archery",
			"Art Collecting",
			"Astrology",
			"Astronomy",
			"ATVing",
			"Automobile Maintenance",
			"Axe Throwing",
			"Backpacking",
			"Badminton",
			"Baking",
			"Banjo",
			"Barbecuing",
			"BASE Jumping",
			"Basketball",
			"Bass Guitar",
			"Beach-combing",
			"Beat Making",
			"Beatboxing",
			"Beekeeping",
			"Billiards",
			"Bingo",
			"Birdwatching",
			"Blogging",
			"Board Games",
			"Bocce Ball",
			"Bodybuilding",
			"Bonsai",
			"Bouldering",
			"Bowling",
			"Boxing",
			"Bread Making",
			"Breakdancing",
			"Bushcraft",
			"Calligraphy",
			"Camping",
			"Candle Making",
			"Canoeing",
			"Canyoneering",
			"Cardistry",
			"Caving",
			"Cheese Making",
			"Chess",
			"Collage",
			"Collecting",
			"Coloring",
			"Composting",
			"Computer Programming",
			"Cookouts",
			"Cosplay",
			"Couponing",
			"Crafting",
			"Crocheting",
			"Cross-Stitch",
			"Cross-Word Puzzles",
			"Cycling",
			"Dancing",
			"Darts",
			"Diorama Making",
			"Disc Golf",
			"DJing",
			"Dog Training",
			"Dominoes",
			"Drawing",
			"Drone Flying",
			"Drums",
			"Embroidery",
			"Engraving",
			"Equestrianism",
			"Exercise",
			"Falconry",
			"Fantasy Sports",
			"Fat Tire Biking",
			"Fencing",
			"Filmmaking",
			"Fish Keeping",
			"Fishing",
			"Fly Tying",
			"Flying Model Planes",
			"Foraging",
			"Furniture Building",
			"Gaming",
			"Gardening",
			"Genealogy",
			"Geocaching",
			"Glass Blowing",
			"Golf",
			"Graffiti",
			"Graphic Design",
			"Guitar",
			"Gymnastics",
			"Hacking",
			"Hammocking",
			"Handball",
			"Hang Gliding",
			"Harmonica",
			"Heliskiing",
			"Hiking",
			"Hobby Horsing",
			"Hockey",
			"Homebrewing",
			"Horseshoes",
			"Hula Hooping",
			"Hunting",
			"Hydroponics",
			"Ice Fishing",
			"Ice Skating",
			"Inventing",
			"Jaw Harp",
			"Jet Skiing",
			"Jewelry Making",
			"Jigsaw Puzzles",
			"Journaling",
			"Judo",
			"Juggling",
			"Jujitsu",
			"Jump Roping",
			"Karaoke",
			"Karate",
			"Kayaking",
			"Kickboxing",
			"Kite Flying",
			"Kite Surfing",
			"Knife Making",
			"Knitting",
			"Knot Tying",
			"Kombucha Brewing",
			"Korfball",
			"Kubb",
			"Lacrosse",
			"Landboarding",
			"Languages",
			"Lapidary",
			"LARPing",
			"Learn an Instrument",
			"Leather Crafting",
			"Lego Building",
			"Listen to Music",
			"Listen to Podcasts",
			"Live Streaming",
			"Lock Picking",
			"Long Boarding",
			"Macrame",
			"Magic Tricks",
			"Make-Up",
			"Marathon Running",
			"Martial Arts",
			"Meditation",
			"Memory Training",
			"Metal Detecting",
			"Meteorology",
			"Mindfulness",
			"Mixology",
			"Model Airplanes",
			"Model Building",
			"Mölkky",
			"Motorcycles",
			"Mountain Biking",
			"Mountaineering",
			"Museum Visiting",
			"Mushroom Hunting",
			"Music Production",
			"Nail Art",
			"Needle Point",
			"NFT’s",
			"Noodling",
			"Organizing",
			"Orienteering",
			"Origami",
			"Paintball",
			"Painting",
			"Paragliding",
			"Parkour",
			"Peak Bagging",
			"Pen Pals",
			"Photography",
			"Pickle Ball",
			"Pilates",
			"Poetry",
			"Poker",
			"Pole Dancing",
			"Pottery",
			"Power Lifting",
			"Puppetry",
			"Pyrography",
			"Quad Biking",
			"Quilling",
			"Quilting",
			"Quoits",
			"Racquetball",
			"Rafting",
			"Rappeling",
			"Rapping",
			"Reading",
			"Record Collecting",
			"Refurbishing Furniture",
			"Remote Control Cars",
			"Robotics",
			"Rock Climbing",
			"Roller Derby",
			"Roller Skating",
			"Rowing",
			"Rugby",
			"Running",
			"Sailing",
			"Sand Art",
			"Saxophone",
			"Scootering",
			"Scrapbooking",
			"Scuba Diving",
			"Sculpting",
			"Sewing",
			"Shooting",
			"Singing",
			"Skateboarding",
			"Skiing",
			"Skimboarding",
			"Skydiving",
			"Slacklining",
			"Sled Dog Racing",
			"Sledding",
			"Snowboarding",
			"Snowmobiling",
			"Snowshoeing",
			"Soapmaking",
			"Sprouting",
			"Stand-Up Comedy",
			"Stand-Up Paddle Boarding",
			"Stargazing",
			"Start a Side Hustle",
			"Stockcar Racing",
			"Stone Skipping",
			"Storytelling",
			"Sudoku",
			"Surfing",
			"Swimming",
			"Table Tennis",
			"Taekwondo",
			"Tai Chi",
			"Tattooing",
			"Taxidermy",
			"Tennis",
			"Teqball",
			"Terrariums",
			"Thrifting",
			"Topiary",
			"Trail Running",
			"Trainspotting",
			"Trampolining",
			"Trap Shooting",
			"Travel",
			"Tree Climbing",
			"Triathlons",
			"Trivia Nights",
			"Ultimate Frisbee",
			"Unicycling",
			"Upcycling",
			"Urban Hiking",
			"Via Ferratta",
			"Video Editing",
			"Video Games",
			"Videography",
			"Virtual Reality",
			"Volleyball",
			"Volunteering",
			"Waboba",
			"Walking",
			"Watching Documentaries",
			"Water Skiing",
			"Watercolor Painting",
			"Weaving",
			"Weight Training",
			"Welding",
			"Whale Watching",
			"Whittling",
			"Wind Surfing",
			"Wine Making",
			"Woodworking",
			"Word Search Puzzles",
			"Writing",
			"X-Games Sports",
			"Xbox",
			"Yard Games",
			"Yo-yoing",
			"Yodeling",
			"Yoga",
			"Youtube Channel Blogging",
			"Zorbing",
			"Zumba"
		],
		"editable": true
	},
	{
		"name": "Please select the categories you would be interested to get the participation in future surveys?",
		"type": "checkbox",
		"options": [
			"5G, IoT and Edge Computing",
			"Accommodation & Food Services",
			"Accounting",
			"Administration & Business Support Services",
			"Advanced Media and Technology",
			"Advertising",
			"Agriculture, Forestry, Fishing & Hunting",
			"Agriculture/Fishing",
			"Agrochemicals",
			"Architecture",
			"Art law",
			"Artificial Intelligence",
			"Arts, Entertainment & Recreation",
			"Asset Management",
			"Automotive",
			"Autonomous Things",
			"Aviation",
			"Banking/Financial",
			"Beauty & Fashion",
			"Bio-Tech",
			"Blockchain",
			"Brokerage",
			"Cannabis",
			"Carpainting/Electrical installations/VVS",
			"Cell and gene therapy",
			"Chemicals/Plastics/Rubber",
			"Communications",
			"Communications/Information",
			"Computer Hardware",
			"Computer Reseller (software/hardware)",
			"Computer Software",
			"Construction",
			"Construction",
			"Consulting",
			"Consumer Electronics",
			"Consumer Packaged Goods",
			"Coronavirus and Data Protection",
			"Corporate Lending",
			"Cyber",
			"Digital Workforces",
			"Education",
			"Education",
			"Educational Services",
			"Emerging Technologies",
			"Energy and Natural Resources",
			"Energy/Utilities/Oil and Gas",
			"Engineering",
			"Environment",
			"Environmental Services",
			"Extended Reality",
			"Fashion/Apparel",
			"Fieldfisher Employment Law Network: telework legislation in Europe",
			"Finance & Insurance",
			"Financial Market Infrastructure",
			"Financial Services",
			"FinTech",
			"Food and Beverage",
			"Food/Beverage",
			"Government/Public Sector",
			"Haulage",
			"Healthcare",
			"Healthcare",
			"Healthcare & Social Assistance",
			"Hospitality/Tourism",
			"Hotels and Leisure",
			"Human Resources",
			"I don't work",
			"Information",
			"Information Technology/IT",
			"Insurance",
			"Internet",
			"Investment Banking",
			"Legal/Law",
			"Life Sciences",
			"Manufacturing",
			"Manufacturing",
			"Manufacturing and Supply Chain",
			"Maritime",
			"Market Research",
			"Marketing",
			"Media",
			"Media/Entertainment",
			"Medical Devices",
			"Military",
			"Mining",
			"Mining and Metals",
			"Non Profit/Social services",
			"Oil & Gas",
			"Other",
			"Personal Services",
			"Personal Services",
			"Pharmaceuticals",
			"Pharmaceuticals and Biotechnology",
			"Power",
			"Printing Publishing",
			"Private Banking",
			"Professional, Scientific & Technical Services",
			"Public Administration & Safety",
			"Public Relations",
			"Rail",
			"Real Estate",
			"Real Estate, Rental & Leasing",
			"Real Estate/Property",
			"Renewables and Sustainability",
			"Retail and Consumer",
			"Retail Trade",
			"Retail/Wholesale trade",
			"Sales",
			"Security",
			"Shipping/Distribution",
			"Technology",
			"Technology Regulation",
			"Telecommunications",
			"Thematic Reports",
			"Transport,Warehousingand Infrastructure",
			"Transportation",
			"Utilities",
			"Wholesale Trade"
		],
		"editable": true
	}
]
]