[
    {
        "name": "Basic",
        "completed":0,
        "icon":"basic-profile.png",
        "target":"basic"
    },
    {
        "name":"Professional",
        "completed":0,
        "icon":"professional-profile.png",
        "target":"professional"
    },
    {
        "name":"Financial",
        "completed":0,
        "icon":"financial-profile.png",
        "target":"financial"
    },
    {
        "name":"Education",
        "completed":0,
        "icon":"education-profile.png",
        "target":"educational"
    },
    {
        "name":"Lifestyle",
        "completed":0,
        "icon":"lifestyle-profile.png",
        "target":"lifestyle"
    },
    {
        "name":"Health",
        "completed":0,
        "icon":"health-profile.png",
        "target":"health"
    },
    {
        "name":"Hobbies",
        "completed":0,
        "icon":"hobbies-profile.png",
        "target":"hobbies"
    },
    {
        "name":"Parenting",
        "completed":0,
        "icon":"parenting-profile.png",
        "target":"parenting"
    },
    {
        "name":"Technology",
        "completed":0,
        "icon":"technology-profile.png",
        "target":"tech"
    },
    {
        "name":"Home Owner",
        "completed":0,
        "icon":"Homeowner-profile.png",
        "target":"homeowner"
    },
    {
        "name":"Pet",
        "completed":0,
        "icon":"technology.png",
        "target":"pet"
    },
    {
        "name":"Automotive",
        "completed":0,
        "icon":"automotive-profile.png",
        "target":"automotive"
    },
    {
        "name":"Gaming",
        "completed":0,
        "icon":"game-profile.png",
        "target":"game"
    },
    {
        "name":"Food & Beverage",
        "completed":0,
        "icon":"food and beverages.png",
        "target":"food"
    },
    {
        "name":"Entertaintment",
        "completed":0,
        "icon":"Entertainment.png",
        "target":"entertaintment"
    },
    {
        "name":"Beauty & Fitness",
        "completed":0,
        "icon":"Fitness.png",
        "target":"beauty"
    },
    {
        "name":"Sports",
        "completed":0,
        "icon":"Sports.png",
        "target":"sports"
    },
    {
        "name":"Travel",
        "completed":0,
        "icon":"travel-profile.png",
        "target":"travel"
    },
    {
        "name":"Mobile",
        "completed":0,
        "icon":"Mobile.png",
        "target":"mobile"
    },
    {
        "name":"Business",
        "completed":0,
        "icon":"Business-profile.png",
        "target":"business"
    },
    {
        "name":"Work",
        "completed":0,
        "icon":"Work.png",
        "target":"work"
    },
    {
        "name":"Other",
        "completed":0,
        "icon":"other-profile.png",
        "target":"other"
    }
]