[
    {
        "name":"Available Surveys",
        "info":[
            {
                "name":"In House Survey",
                "icon":"/img/inhouse.png",
                "count":1,
                "punchline":"25% Extra Earning",
                "target":"#available-survey"
            },
            {
                "name":"External Survey",
                "icon":"/img/external.png",
                "count":0,
                "punchline":"",
                "target":"#available-survey"
            },
            {
                "name":"Survey Participations",
                "icon":"/img/participation.png",
                "count":0,
                "punchline":"",
                "target":"/user/survey/available/response"
            }
        ]
    },
    {
        "name":"Survey History",
        "info":[
            {
                "name":"Monthly Survey",
                "icon":"/img/monthly.png",
                "count":100,
                "punchline":"",
                "target":"/user/history/survey/monthly"
            },
            {
                "name":"Quarterly Survey",
                "icon":"/img/quarterly.png",
                "count":100,
                "punchline":"",
                "target":"/user/history/survey/quarterly"
            },
            {
                "name":"Yearly Survey",
                "icon":"/img/yearly.png",
                "count":100,
                "punchline":"",
                "target":"/user/history/survey/yearly"
            }
        ]
    },
    {
        "name":"Claimed History",
        "info":[
            {
                "name":"Monthly Claimed",
                "icon":"/img/money.png",
                "count":"$ 0.00",
                "punchline":"",
                "target":"/user/history/claimes/monthly"
            },
            {
                "name":"Quarterly Claimed",
                "icon":"/img/money.png",
                "count":"$ 0.00",
                "punchline":"",
                "target":"/user/history/claimes/quarterly"
            },
            {
                "name":"Yearly Claimed",
                "icon":"/img/money.png",
                "count":"$ 0.00",
                "punchline":"",
                "target":"/user/history/claimes/yearly"
            }
        ]
    }
]