{
    "USA": [
        "Alabama",
        "Alaska",
        "Arizona",
        "Arkansas",
        "California",
        "Colorado",
        "Connecticut",
        "Delaware",
        "Florida",
        "Georgia",
        "Hawaii",
        "Idaho",
        "Illinois",
        "Indiana",
        "Iowa",
        "Kansas",
        "Kentucky[D]",
        "Louisiana",
        "Maine",
        "Maryland",
        "Massachusetts[D]",
        "Michigan",
        "Minnesota",
        "Mississippi",
        "Missouri",
        "Montana",
        "Nebraska",
        "Nevada",
        "New Hampshire",
        "New Jersey",
        "New Mexico",
        "New York",
        "North Carolina",
        "North Dakota",
        "Ohio",
        "Oklahoma",
        "Oregon",
        "Pennsylvania[D]",
        "Rhode Island",
        "South Carolina",
        "South Dakota",
        "Tennessee",
        "Texas",
        "Utah",
        "Vermont",
        "Virginia[D]",
        "Washington",
        "West Virginia",
        "Wisconsin",
        "Wyoming"
    ],
    "Mexico": [
        "Mexico City",
        "Iztapalapa",
        "Ecatepec de Morelos",
        "Guadalajara",
        "Puebla",
        "Juarez",
        "Tijuana",
        "Leon de los Aldama",
        "Gustavo Adolfo Madero",
        "Zapopan",
        "Monterrey",
        "Ciudad Nezahualcoyotl",
        "Chihuahua",
        "Naucalpan de Juarez",
        "Merida",
        "Alvaro Obregon",
        "San Luis Potosi",
        "Aguascalientes",
        "Hermosillo",
        "Saltillo",
        "Mexicali",
        "Culiacan",
        "Guadalupe",
        "Acapulco de Juarez",
        "Tlalnepantla",
        "Cancun",
        "Santiago de Queretaro",
        "Coyoacan",
        "Santa Maria Chimalhuacan",
        "Torreon",
        "Morelia",
        "Reynosa",
        "Tlaquepaque",
        "Tlalpan",
        "Tuxtla",
        "Cuauhtemoc",
        "Victoria de Durango",
        "Toluca",
        "Ciudad Lopez Mateos",
        "Cuautitlan Izcalli",
        "Ciudad Apodaca",
        "Heroica Matamoros",
        "San Nicolas de los Garza",
        "Venustiano Carranza",
        "Veracruz",
        "Xalapa de Enriquez",
        "Azcapotzalco",
        "Tonala",
        "Xochimilco",
        "Benito Juarez",
        "Iztacalco",
        "Mazatlan",
        "Irapuato",
        "Nuevo Laredo",
        "Miguel Hidalgo",
        "Xico",
        "Benito Juarez",
        "Villahermosa",
        "Ciudad General Escobedo",
        "Celaya",
        "Cuernavaca",
        "Tepic",
        "Ixtapaluca",
        "Tampico",
        "Ciudad Victoria",
        "Tlahuac",
        "Ciudad Obregon",
        "Nicolas Romero",
        "Ensenada",
        "Coacalco"
    ],
    "Canada": [
        "Toronto",
        "Montreal",
        "Calgary",
        "Ottawa",
        "Edmonton",
        "Mississauga",
        "North York",
        "Winnipeg",
        "Scarborough",
        "Vancouver",
        "Quebec",
        "Hamilton",
        "Brampton",
        "Surrey",
        "Laval",
        "Halifax",
        "Etobicoke",
        "London",
        "Okanagan",
        "Victoria",
        "Windsor",
        "Markham",
        "Oshawa",
        "Gatineau",
        "Vaughan",
        "Kitchener",
        "Longueuil",
        "Burnaby",
        "Ladner",
        "Saskatoon",
        "Richmond Hill",
        "Barrie",
        "Richmond",
        "Nepean",
        "Regina",
        "Oakville",
        "Burlington",
        "Greater Sudbury",
        "Abbotsford",
        "Saguenay",
        "St. Catharines",
        "Sherbrooke",
        "Anmore",
        "Levis",
        "Kelowna",
        "Cambridge",
        "Trois-Rivieres",
        "Guelph",
        "East York",
        "Coquitlam",
        "Kingston",
        "Sydney",
        "Delta",
        "Dartmouth",
        "Thunder Bay",
        "St. John's",
        "Waterloo",
        "Terrebonne",
        "Ajax",
        "Saint John",
        "Pickering",
        "Brantford",
        "Moncton",
        "Nanaimo",
        "Milton",
        "Sarnia",
        "Niagara Falls",
        "Willowdale",
        "Saint-Laurent",
        "Chilliwack"
    ],
    "Brazil": [
        "Sao Paulo",
        "Rio de Janeiro",
        "Salvador",
        "Fortaleza",
        "Belo Horizonte",
        "Brasilia",
        "Curitiba",
        "Manaus",
        "Recife",
        "Belem",
        "Porto Alegre",
        "Goiania",
        "Guarulhos",
        "Campinas",
        "Nova Iguacu",
        "Maceio",
        "Sao Luis",
        "Duque de Caxias",
        "Natal",
        "Teresina",
        "Sao Bernardo do Campo",
        "Campo Grande",
        "Jaboatao",
        "Osasco",
        "Santo Andre",
        "Joao Pessoa",
        "Jaboatao dos Guararapes",
        "Contagem",
        "Ribeirao Preto",
        "Sao Jose dos Campos",
        "Uberlandia",
        "Sorocaba",
        "Cuiaba",
        "Aparecida de Goiania",
        "Aracaju",
        "Feira de Santana",
        "Londrina",
        "Juiz de Fora",
        "Belford Roxo",
        "Joinville",
        "Niteroi",
        "Sao Joao de Meriti",
        "Ananindeua",
        "Florianopolis",
        "Santos",
        "Ribeirao das Neves",
        "Vila Velha",
        "Serra",
        "Diadema",
        "Campos dos Goytacazes",
        "Maua",
        "Betim",
        "Caxias do Sul",
        "Sao Jose do Rio Preto",
        "Olinda",
        "Carapicuiba",
        "Campina Grande",
        "Piracicaba",
        "Macapa",
        "Itaquaquecetuba",
        "Bauru",
        "Montes Claros",
        "Canoas",
        "Mogi das Cruzes",
        "Sao Vicente",
        "Jundiai",
        "Pelotas",
        "Anapolis",
        "Vitoria",
        "Maringa"
    ],
    "Argentina": [
        "Buenos Aires",
        "Cordoba",
        "Rosario",
        "Mendoza",
        "San Miguel de Tucuman",
        "La Plata",
        "Mar del Plata",
        "Salta",
        "Santa Fe",
        "San Juan",
        "Resistencia",
        "Santiago del Estero",
        "Corrientes",
        "Posadas",
        "Moron",
        "San Salvador de Jujuy",
        "Bahia Blanca",
        "Parana",
        "Neuquen",
        "Quilmes",
        "Pilar",
        "Formosa",
        "San Fernando del Valle de Catamarca",
        "San Luis",
        "Berazategui",
        "La Rioja",
        "Rio Cuarto",
        "Balvanera",
        "Concordia",
        "Comodoro Rivadavia",
        "Belgrano",
        "San Nicolas de los Arroyos",
        "Villa Lugano",
        "Santa Rosa",
        "San Rafael",
        "Tandil",
        "Villa Mercedes",
        "San Carlos de Bariloche",
        "Trelew",
        "Villa Maria",
        "Reconquista",
        "Zarate",
        "Rafaela",
        "Pergamino",
        "Olavarria",
        "Rio Gallegos",
        "Junin",
        "San Martin",
        "Presidencia Roque Saenz Pena",
        "Lujan",
        "Campana",
        "Necochea",
        "Gualeguaychu",
        "Barracas",
        "Cipolletti",
        "Gobernador Galvez",
        "San Ramon de la Nueva Oran",
        "Chimbas",
        "General Roca",
        "Venado Tuerto",
        "Goya",
        "Villa Carlos Paz",
        "Concepcion del Uruguay",
        "Puerto Madryn",
        "Tartagal",
        "Santo Tome",
        "San Francisco",
        "San Pedro de Jujuy",
        "Ushuaia",
        "Punta Alta"
    ],
    "Russia": [
        "Moscow",
        "Saint Petersburg",
        "Novosibirsk",
        "Yekaterinburg",
        "Nizhniy Novgorod",
        "Samara",
        "Omsk",
        "Kazan",
        "Rostov-na-Donu",
        "Chelyabinsk",
        "Ufa",
        "Volgograd",
        "Perm",
        "Krasnoyarsk",
        "Saratov",
        "Voronezh",
        "Tol'yatti",
        "Krasnodar",
        "Ulyanovsk",
        "Izhevsk",
        "Yaroslavl",
        "Barnaul",
        "Vladivostok",
        "Irkutsk",
        "Khabarovsk",
        "Khabarovsk Vtoroy",
        "Orenburg",
        "Novokuznetsk",
        "Ryazan'",
        "Tyumen",
        "Lipetsk",
        "Penza",
        "Naberezhnyye Chelny",
        "Kalininskiy",
        "Astrakhan",
        "Makhachkala",
        "Tomsk",
        "Kemerovo",
        "Tula",
        "Kirov",
        "Cheboksary",
        "Kaliningrad",
        "Bryansk",
        "Ivanovo",
        "Magnitogorsk",
        "Kursk",
        "Tver",
        "Nizhny Tagil",
        "Stavropol'",
        "Ulan-Ude",
        "Arkhangel'sk",
        "Belgorod",
        "Kurgan",
        "Kaluga",
        "Krasnogvargeisky",
        "Sochi",
        "Orel",
        "Volzhskiy",
        "Smolensk",
        "Murmansk",
        "Vladikavkaz",
        "Cherepovets",
        "Vologda",
        "Vladimir",
        "Chita",
        "Saransk",
        "Surgut",
        "Tambov",
        "Yoshkar-Ola",
        "Taganrog"
    ],
    "Germany": [
        "Berlin",
        "Hamburg",
        "Munich",
        "Koeln",
        "Frankfurt am Main",
        "Essen",
        "Stuttgart",
        "Dortmund",
        "Duesseldorf",
        "Bremen",
        "Hannover",
        "Leipzig",
        "Duisburg",
        "Nuernberg",
        "Dresden",
        "Wandsbek",
        "Bochum",
        "Bochum-Hordel",
        "Wuppertal",
        "Bielefeld",
        "Bonn",
        "Mannheim",
        "Marienthal",
        "Karlsruhe",
        "Hamburg-Nord",
        "Wiesbaden",
        "Muenster",
        "Gelsenkirchen",
        "Aachen",
        "Moenchengladbach",
        "Augsburg",
        "Eimsbuettel",
        "Altona",
        "Chemnitz",
        "Braunschweig",
        "Krefeld",
        "Halle (Saale)",
        "Hamburg-Mitte",
        "Kiel",
        "Magdeburg",
        "Neue Neustadt",
        "Oberhausen",
        "Freiburg",
        "Luebeck",
        "Erfurt",
        "Harburg",
        "Hagen",
        "Rostock",
        "Kassel",
        "Hamm",
        "Mainz",
        "Saarbruecken",
        "Herne",
        "Muelheim",
        "Neukoelln",
        "Osnabrueck",
        "Solingen",
        "Ludwigshafen am Rhein",
        "Leverkusen",
        "Oldenburg",
        "Neuss",
        "Prenzlauer Berg Bezirk",
        "Bezirk Kreuzberg",
        "Potsdam",
        "Heidelberg",
        "Paderborn",
        "Darmstadt",
        "Wuerzburg",
        "Regensburg",
        "Wolfsburg"
    ],
    "United Kingdom": [
        "London",
        "Birmingham",
        "Liverpool",
        "Nottingham",
        "Sheffield",
        "Bristol",
        "Glasgow",
        "Leicester",
        "Edinburgh",
        "Leeds",
        "Cardiff",
        "Manchester",
        "Stoke-on-Trent",
        "Coventry",
        "Sunderland",
        "Birkenhead",
        "Islington",
        "Reading",
        "Kingston upon Hull",
        "Preston",
        "Newport",
        "Swansea",
        "Bradford",
        "Southend-on-Sea",
        "Belfast",
        "Derby",
        "Plymouth",
        "Luton",
        "Wolverhampton",
        "City of Westminster",
        "Southampton",
        "Blackpool",
        "Milton Keynes",
        "Bexley",
        "Northampton",
        "Archway",
        "Norwich",
        "Dudley",
        "Aberdeen",
        "Portsmouth",
        "Newcastle upon Tyne",
        "Sutton",
        "Swindon",
        "Crawley",
        "Ipswich",
        "Wigan",
        "Croydon",
        "Walsall",
        "Mansfield",
        "Oxford",
        "Warrington",
        "Slough",
        "Bournemouth",
        "Peterborough",
        "Cambridge",
        "Doncaster",
        "York",
        "Poole",
        "Gloucester",
        "Burnley",
        "Huddersfield",
        "Telford",
        "Dundee",
        "Blackburn",
        "Basildon",
        "Middlesbrough",
        "Bolton",
        "Stockport",
        "Brighton",
        "West Bromwich"
    ],
    "France": [
        "Paris",
        "Marseille",
        "Lyon",
        "Toulouse",
        "Nice",
        "Nantes",
        "Strasbourg",
        "Montpellier",
        "Bordeaux",
        "Lille",
        "Rennes",
        "Reims",
        "Le Havre",
        "Cergy-Pontoise",
        "Saint-Etienne",
        "Toulon",
        "Angers",
        "Grenoble",
        "Dijon",
        "Nimes",
        "Aix-en-Provence",
        "Saint-Quentin-en-Yvelines",
        "Brest",
        "Le Mans",
        "Amiens",
        "Tours",
        "Limoges",
        "Clermont-Ferrand",
        "Villeurbanne",
        "Besancon",
        "Orleans",
        "Metz",
        "Rouen",
        "Mulhouse",
        "Perpignan",
        "Caen",
        "Boulogne-Billancourt",
        "Nancy",
        "Argenteuil",
        "Saint-Denis",
        "Roubaix",
        "Tourcoing",
        "Montreuil",
        "Avignon",
        "Marseille 13",
        "Asnieres-sur-Seine",
        "Nanterre",
        "Poitiers",
        "Versailles",
        "Courbevoie",
        "Creteil",
        "Pau",
        "Colombes",
        "Vitry-sur-Seine",
        "Aulnay-sous-Bois",
        "Marseille 08",
        "Marseille 15",
        "Marseille 09",
        "La Rochelle",
        "Champigny-sur-Marne",
        "Rueil-Malmaison",
        "Antibes",
        "Saint-Maur-des-Fosses",
        "Calais",
        "Beziers",
        "Dunkerque",
        "Aubervilliers",
        "Cannes",
        "Merignac",
        "Bourges"
    ],
    "Italy": [
        "Rome",
        "Milan",
        "Naples",
        "Turin",
        "Palermo",
        "Genoa",
        "Bologna",
        "Florence",
        "Catania",
        "Bari",
        "Messina",
        "Verona",
        "Padova",
        "Trieste",
        "Brescia",
        "Prato",
        "Taranto",
        "Reggio Calabria",
        "Modena",
        "Livorno",
        "Cagliari",
        "Mestre",
        "Parma",
        "Foggia",
        "Reggio nell'Emilia",
        "Acilia-Castel Fusano-Ostia Antica",
        "Salerno",
        "Perugia",
        "Monza",
        "Rimini",
        "Pescara",
        "Bergamo",
        "Vicenza",
        "Bolzano",
        "Andria",
        "Udine",
        "Siracusa",
        "Terni",
        "Forli",
        "Novara",
        "Barletta",
        "Piacenza",
        "Ferrara",
        "Sassari",
        "Ancona",
        "La Spezia",
        "Torre del Greco",
        "Como",
        "Lucca",
        "Ravenna",
        "Lecce",
        "Trento",
        "Giugliano in Campania",
        "Busto Arsizio",
        "Lido di Ostia",
        "Cesena",
        "Catanzaro",
        "Brindisi",
        "Marsala",
        "Treviso",
        "Pesaro",
        "Pisa",
        "Varese",
        "Sesto San Giovanni",
        "Arezzo",
        "Latina",
        "Gela",
        "Pistoia",
        "Caserta",
        "Cinisello Balsamo"
    ],
    "Spain": [
        "Madrid",
        "Barcelona",
        "Valencia",
        "Sevilla",
        "Zaragoza",
        "Malaga",
        "Murcia",
        "Palma",
        "Las Palmas de Gran Canaria",
        "Bilbao",
        "Alicante",
        "Cordoba",
        "Valladolid",
        "Vigo",
        "Gijon",
        "Eixample",
        "L'Hospitalet de Llobregat",
        "Latina",
        "Carabanchel",
        "A Coruna",
        "Puente de Vallecas",
        "Sant Marti",
        "Gasteiz / Vitoria",
        "Granada",
        "Elche",
        "Ciudad Lineal",
        "Oviedo",
        "Santa Cruz de Tenerife",
        "Fuencarral-El Pardo",
        "Badalona",
        "Cartagena",
        "Terrassa",
        "Jerez de la Frontera",
        "Sabadell",
        "Mostoles",
        "Alcala de Henares",
        "Pamplona",
        "Fuenlabrada",
        "Almeria",
        "Leganes",
        "San Sebastian",
        "Sants-Montjuic",
        "Santander",
        "Castello de la Plana",
        "Burgos",
        "Albacete",
        "Horta-Guinardo",
        "Alcorcon",
        "Getafe",
        "Nou Barris",
        "Hortaleza",
        "San Blas-Canillejas",
        "Salamanca",
        "Tetuan de las Victorias",
        "Logrono",
        "La Laguna",
        "City Center",
        "Huelva",
        "Arganzuela",
        "Badajoz",
        "Sarria-Sant Gervasi",
        "Sant Andreu",
        "Salamanca",
        "Chamberi",
        "Usera",
        "Tarragona",
        "Chamartin",
        "Lleida",
        "Marbella",
        "Leon"
    ],
    "Ukraine": [
        "Kyiv",
        "Kharkiv",
        "Dnipro",
        "Donetsk",
        "Odessa",
        "Zaporizhia",
        "Lviv",
        "Kryvyi Rih",
        "Mykolayiv",
        "Mariupol",
        "Luhansk",
        "Sevastopol",
        "Khmelnytskyi",
        "Makiyivka",
        "Vinnytsia",
        "Simferopol",
        "Kherson",
        "Poltava",
        "Chernihiv",
        "Cherkasy",
        "Sumy",
        "Zhytomyr",
        "Horlivka",
        "Rivne",
        "Kropyvnytskyi",
        "Kamianske",
        "Chernivtsi",
        "Ternopil",
        "Kremenchuk",
        "Lutsk",
        "Ivano-Frankivsk",
        "Bila Tserkva",
        "Kramators'k",
        "Melitopol",
        "Kerch",
        "Nikopol",
        "Syevyerodonets'k",
        "Sloviansk",
        "Berdyansk",
        "Uzhgorod",
        "Alchevs'k",
        "Pavlohrad",
        "Lysychans'k",
        "Yevpatoriya",
        "Yenakiyeve",
        "Oleksandriya",
        "Kamianets-Podilskyi",
        "Konotop",
        "Kostyantynivka",
        "Krasnyy Luch",
        "Brovary",
        "Uman",
        "Berdychiv",
        "Shostka",
        "Kadiyivka",
        "Chervonohrad",
        "Izmayil",
        "Mukacheve",
        "Bakhmut",
        "Drohobych",
        "Yalta",
        "Nizhyn",
        "Novomoskovs'k",
        "Shakhtars'k",
        "Pervomays'k",
        "Feodosiya",
        "Pokrovsk",
        "Chystyakove",
        "Sverdlovs'k",
        "Kalush"
    ],
    "Poland": [
        "Warsaw",
        "Lodz",
        "Krakow",
        "Wroclaw",
        "Poznan",
        "Gdansk",
        "Szczecin",
        "Bydgoszcz",
        "Lublin",
        "Katowice",
        "Bialystok",
        "Gdynia",
        "Czestochowa",
        "Sosnowiec",
        "Radom",
        "Mokotow",
        "Torun",
        "Kielce",
        "Gliwice",
        "Zabrze",
        "Bytom",
        "Praga Poludnie",
        "Bielsko-Biala",
        "Olsztyn",
        "Rzeszow",
        "Ursynow",
        "Ruda Slaska",
        "Wola",
        "Rybnik",
        "Bielany",
        "Srodmiescie",
        "Dabrowa Gornicza",
        "Tychy",
        "Opole",
        "Elblag",
        "Plock",
        "Walbrzych",
        "Gorzow Wielkopolski",
        "Targowek",
        "Wloclawek",
        "Zielona Gora",
        "Tarnow",
        "Chorzow",
        "Kalisz",
        "Koszalin",
        "Legnica",
        "Bemowo",
        "Grudziadz",
        "Slupsk",
        "Jaworzno",
        "Jastrzebie Zdroj",
        "Ochota",
        "Praga Polnoc",
        "Bialoleka",
        "Jelenia Gora",
        "Nowy Sacz",
        "Konin",
        "Piotrkow Trybunalski",
        "Inowroclaw",
        "Lubin",
        "Siedlce",
        "Pila",
        "Myslowice",
        "Ostrowiec Swietokrzyski",
        "Siemianowice Slaskie",
        "Ostrow Wielkopolski",
        "Stargard",
        "Pabianice",
        "Gniezno",
        "Fordon"
    ],
    "Romania": [
        "Bucharest",
        "Sector 3",
        "Sector 6",
        "Sector 2",
        "Iasi",
        "Cluj-Napoca",
        "Timisoara",
        "Craiova",
        "Constanta",
        "Galati",
        "Sector 4",
        "Brasov",
        "Sector 5",
        "Ploiesti",
        "Sector 1",
        "Braila",
        "Oradea",
        "Bacau",
        "Arad",
        "Pitesti",
        "Sibiu",
        "Targu-Mures",
        "Baia Mare",
        "Buzau",
        "Botosani",
        "Satu Mare",
        "Ramnicu Valcea",
        "Suceava",
        "Piatra Neamt",
        "Drobeta-Turnu Severin",
        "Targu Jiu",
        "Tulcea",
        "Targoviste",
        "Bistrita",
        "Resita",
        "Slatina",
        "Focsani",
        "Vaslui",
        "Hunedoara",
        "Giurgiu",
        "Roman",
        "Barlad",
        "Deva",
        "Alba Iulia",
        "Zalau",
        "Sfantu Gheorghe",
        "Turda",
        "Medias",
        "Slobozia",
        "Alexandria",
        "Pascani",
        "Petrosani",
        "Medgidia",
        "Lugoj",
        "Campina",
        "Miercurea-Ciuc",
        "Tecuci",
        "Sighetu Marmatiei",
        "Mangalia",
        "Ramnicu Sarat",
        "Dej",
        "Odorheiu Secuiesc",
        "Reghin-Sat",
        "Sighisoara",
        "Caracal",
        "Navodari",
        "Fetesti",
        "Curtea de Arges",
        "Dorohoi",
        "Fagaras"
    ],
    "Netherlands": [
        "Amsterdam",
        "Rotterdam",
        "The Hague",
        "Utrecht",
        "Eindhoven",
        "Tilburg",
        "Groningen",
        "Almere Stad",
        "Breda",
        "Nijmegen",
        "Enschede",
        "Haarlem",
        "Arnhem",
        "Zaanstad",
        "Amersfoort",
        "Apeldoorn",
        "'s-Hertogenbosch",
        "Hoofddorp",
        "Maastricht",
        "Leiden",
        "Dordrecht",
        "Zoetermeer",
        "Zwolle",
        "Deventer",
        "Delft",
        "Alkmaar",
        "Heerlen",
        "Venlo",
        "Leeuwarden",
        "Amsterdam-Zuidoost",
        "Hilversum",
        "Hengelo",
        "Amstelveen",
        "Roosendaal",
        "Purmerend",
        "Oss",
        "Schiedam",
        "Spijkenisse",
        "Helmond",
        "Vlaardingen",
        "Almelo",
        "Gouda",
        "Zaandam",
        "Lelystad",
        "Alphen aan den Rijn",
        "Hoorn",
        "Velsen-Zuid",
        "Ede",
        "Bergen op Zoom",
        "Capelle aan den IJssel",
        "Assen",
        "Nieuwegein",
        "Veenendaal",
        "Zeist",
        "Den Helder",
        "Hardenberg",
        "Emmen",
        "Oosterhout",
        "Doetinchem",
        "Kerkrade",
        "Kampen",
        "Weert",
        "Woerden",
        "Sittard",
        "Heerhugowaard",
        "Rijswijk",
        "Middelburg",
        "Emmeloord",
        "Zwijndrecht",
        "Waalwijk"
    ],
    "Belgium": [
        "Brussels",
        "Antwerpen",
        "Gent",
        "Charleroi",
        "Liege",
        "Brugge",
        "Namur",
        "Leuven",
        "Mons",
        "Deurne",
        "Aalst",
        "Mechelen",
        "La Louviere",
        "Kortrijk",
        "Hasselt",
        "Ostend",
        "Sint-Niklaas",
        "Tournai",
        "Genk",
        "Seraing",
        "Roeselare",
        "Verviers",
        "Mouscron",
        "Beveren",
        "Dendermonde",
        "Beringen",
        "Turnhout",
        "Dilbeek",
        "Heist-op-den-Berg",
        "Sint-Truiden",
        "Lokeren",
        "Braine-l'Alleud",
        "Brasschaat",
        "Vilvoorde",
        "Herstal",
        "Maasmechelen",
        "Waregem",
        "Chatelet",
        "Ieper",
        "Ninove",
        "Geel",
        "Halle",
        "Hoboken",
        "Knokke-Heist",
        "Schoten",
        "Grimbergen",
        "Lier",
        "Mol",
        "Wavre",
        "Binche",
        "Lommel",
        "Menen",
        "Tienen",
        "Evergem",
        "Heusden",
        "Wevelgem",
        "Geraardsbergen",
        "Sint-Pieters-Leeuw",
        "Houthalen",
        "Helchteren",
        "Tongeren",
        "Deinze",
        "Waterloo",
        "Bilzen",
        "Louvain-la-Neuve",
        "Courcelles",
        "Asse",
        "Zaventem",
        "Oudenaarde",
        "Aarschot"
    ],
    "Czech Republic (Czechia)": [
        "Prague",
        "Brno",
        "Ostrava",
        "Pilsen",
        "Olomouc",
        "Liberec",
        "Ceske Budejovice",
        "Hradec Kralove",
        "Usti nad Labem",
        "Pardubice",
        "Havirov",
        "Zlin",
        "Kladno",
        "Most",
        "Karvina",
        "Opava",
        "Frydek-Mistek",
        "Decin",
        "Karlovy Vary",
        "Teplice",
        "Chomutov",
        "Jihlava",
        "Prostejov",
        "Prerov",
        "Jablonec nad Nisou",
        "Mlada Boleslav",
        "Ceska Lipa",
        "Trebic",
        "Trinec",
        "Tabor",
        "Znojmo",
        "Pribram",
        "Orlova",
        "Cheb",
        "Modrany",
        "Liben",
        "Trutnov",
        "Pisek",
        "Kolin",
        "Kromeriz",
        "Sumperk",
        "Vsetin",
        "Valasske Mezirici",
        "Litvinov",
        "Novy Jicin",
        "Uherske Hradiste",
        "Hodonin",
        "Breclav",
        "Cesky Tesin",
        "Krnov",
        "Sokolov",
        "Litomerice",
        "Havlickuv Brod",
        "Zgar nad Sazavou",
        "Zgar nad Sazavou Druhy",
        "Chrudim",
        "Strakonice",
        "Koprivnice",
        "Klatovy",
        "Bohumin",
        "Stary Bohumin",
        "Jindrichuv Hradec",
        "Vyskov",
        "Cerny Most",
        "Kutna Hora",
        "Nachod",
        "Jirkov",
        "Blansko",
        "Zatec",
        "Hranice"
    ],
    "Portugal": [
        "Lisbon",
        "Porto",
        "Amadora",
        "Braga",
        "Setubal",
        "Coimbra",
        "Queluz",
        "Funchal",
        "Cacem",
        "Vila Nova de Gaia",
        "Algueirao",
        "Loures",
        "Felgueiras",
        "Evora",
        "Rio de Mouro",
        "Odivelas",
        "Aveiro",
        "Amora",
        "Corroios",
        "Barreiro",
        "Monsanto",
        "Rio Tinto",
        "Sao Domingos de Rana",
        "Figueira da Foz",
        "Leiria",
        "Ponte de Lima",
        "Faro",
        "Sesimbra",
        "Guimaraes",
        "Ermesinde",
        "Santo Antonio dos Olivais",
        "Portimao",
        "Benfica",
        "Cascais",
        "Maia",
        "Viana do Castelo",
        "Oeiras",
        "Beja",
        "Esposende",
        "Braganca",
        "Almada",
        "Olivais",
        "Castelo Branco",
        "Alcabideche",
        "Espinho",
        "Camara de Lobos",
        "Guarda",
        "Alvalade",
        "Arrentela",
        "Montijo",
        "Charneca de Caparica",
        "Santarem",
        "Olhao",
        "Povoa de Varzim",
        "Senhora da Hora",
        "Marinha Grande",
        "Povoa de Santa Iria",
        "Sequeira",
        "Massama",
        "Matosinhos",
        "Gondomar",
        "Aguas Santas",
        "Vila do Conde",
        "Caldas da Rainha",
        "Sao Martinho",
        "Canidelo",
        "Viseu",
        "Sintra",
        "Paco de Arcos",
        "Sao Mamede de Infesta"
    ],
    "Sweden": [
        "Stockholm",
        "Goeteborg",
        "Malmoe",
        "Uppsala",
        "Sollentuna",
        "Soedermalm",
        "Vaesteras",
        "OErebro",
        "Linkoeping",
        "Helsingborg",
        "Joenkoeping",
        "Norrkoeping",
        "Huddinge",
        "Lund",
        "Umea",
        "Haninge",
        "Gaevle",
        "Boras",
        "Soedertaelje",
        "Kungsholmen",
        "Eskilstuna",
        "Solna",
        "Halmstad",
        "Vaexjoe",
        "Karlstad",
        "Bromma",
        "Moelndal",
        "Vasastan",
        "Taby",
        "Sundsvall",
        "OEstersund",
        "Trollhaettan",
        "Lulea",
        "Lidingoe",
        "Borlaenge",
        "Tumba",
        "Kristianstad",
        "Kalmar",
        "Falun",
        "Skoevde",
        "Upplands Vaesby",
        "Karlskrona",
        "OEstermalm",
        "Skelleftea",
        "Uddevalla",
        "Sundbyberg",
        "Varberg",
        "Akersberga",
        "OErnskoeldsvik",
        "Landskrona",
        "Nykoeping",
        "Vallentuna",
        "Motala",
        "Trelleborg",
        "Majorna",
        "Partille",
        "Karlskoga",
        "Maersta",
        "Lerum",
        "Alingsas",
        "Nacka",
        "Sandviken",
        "Kungaelv",
        "Falkenberg",
        "Boo",
        "Jakobsberg",
        "Visby",
        "Katrineholm",
        "AEngelholm",
        "Vaenersborg"
    ],
    "Austria": [
        "Vienna",
        "Graz",
        "Linz",
        "Favoriten",
        "Donaustadt",
        "Floridsdorf",
        "Salzburg",
        "Innsbruck",
        "Ottakring",
        "Simmering",
        "Meidling",
        "Klagenfurt am Woerthersee",
        "Villach",
        "Hernals",
        "Hietzing",
        "Dornbirn",
        "Wiener Neustadt",
        "Steyr",
        "Hoetting",
        "Feldkirch",
        "Jakomini",
        "Pradl",
        "Lend",
        "Bregenz",
        "Gries",
        "Baden",
        "Geidorf",
        "Weinzierl bei Krems",
        "Lustenau",
        "Sankt Poelten",
        "Moedling",
        "Eggenberg",
        "Sankt Peter",
        "Sankt Martin",
        "Andritz",
        "Wilten",
        "Wels",
        "Innere Stadt",
        "Hohenems",
        "Stockerau",
        "Strassgang",
        "Sankt Leonhard",
        "Wetzelsdorf",
        "Klosterneuburg",
        "Amstetten",
        "Telfs",
        "Sankt Peter",
        "Perchtoldsdorf"
    ],
    "Turkey": [
        "Istanbul",
        "Ankara",
        "Izmir",
        "Bursa",
        "Adana",
        "Gaziantep",
        "Konya",
        "Cankaya",
        "Antalya",
        "Bagcilar",
        "Diyarbakir",
        "Kayseri",
        "UEskuedar",
        "Bahcelievler",
        "Umraniye",
        "Mersin",
        "Esenler",
        "Eskisehir",
        "Karabaglar",
        "Muratpasa",
        "Sanliurfa",
        "Malatya",
        "Sultangazi",
        "Maltepe",
        "Erzurum",
        "Samsun",
        "Batman",
        "Kahramanmaras",
        "Van",
        "Atasehir",
        "Sisli",
        "Denizli",
        "Batikent",
        "Elazig",
        "Zeytinburnu",
        "Adapazari",
        "Sultanbeyli",
        "Gebze",
        "Merkezefendi",
        "Sivas",
        "Tarsus",
        "Trabzon",
        "Manisa",
        "Sancaktepe",
        "Balikesir",
        "Adiyaman",
        "Esenyurt",
        "Kirikkale",
        "Antakya",
        "Osmaniye",
        "Corlu",
        "Arnavutkoey",
        "Izmit",
        "Basaksehir",
        "Kutahya",
        "Corum",
        "Siverek",
        "Isparta",
        "Bueyuekcekmece",
        "Aydin",
        "Iskenderun",
        "Viransehir",
        "Usak",
        "Aksaray",
        "Kiziltepe",
        "Afyonkarahisar",
        "Inegol",
        "Tokat",
        "Edirne",
        "Derince"
    ],
    "Columbia": [
        "Bogota",
        "Cali",
        "Medellin",
        "Barranquilla",
        "Cartagena",
        "Cucuta",
        "Bucaramanga",
        "Pereira",
        "Santa Marta",
        "Ibague",
        "Bello",
        "Pasto",
        "Manizales",
        "Neiva",
        "Soledad",
        "Villavicencio",
        "Armenia",
        "Soacha",
        "Valledupar",
        "Itaguei",
        "Monteria",
        "Sincelejo",
        "Popayan",
        "Floridablanca",
        "Palmira",
        "Buenaventura",
        "Barrancabermeja",
        "Dosquebradas",
        "Tulua",
        "Envigado",
        "Cartago",
        "Maicao",
        "Florencia",
        "Girardot City",
        "Sogamoso",
        "Guadalajara de Buga",
        "Tunja",
        "Giron",
        "Malambo",
        "Magangue",
        "Facatativa",
        "Riohacha",
        "Duitama",
        "Zipaquira",
        "Fusagasuga",
        "Cienaga",
        "Tumaco",
        "Apartado",
        "Piedecuesta",
        "Montelibano",
        "Ocana",
        "La Dorada",
        "Ipiales",
        "Quibdo",
        "Aguachica",
        "Yumbo",
        "Arauca",
        "Sabanalarga",
        "Chinchina",
        "Caldas",
        "Villa del Rosario",
        "Chia",
        "Rionegro",
        "Calarca",
        "Yopal",
        "Sahagun",
        "Fundacion",
        "Los Patios",
        "San Andres",
        "Caucasia"
    ],
    "Switzerland": [
        "Zurich",
        "Geneve",
        "Basel",
        "Bern",
        "Lausanne",
        "Winterthur",
        "Sankt Gallen",
        "Lugano",
        "Luzern",
        "Zuerich (Kreis 11)",
        "Biel/Bienne",
        "Zuerich (Kreis 3)",
        "Zuerich (Kreis 9)",
        "Thun",
        "Koniz",
        "La Chaux-de-Fonds",
        "Zuerich (Kreis 10)",
        "Rapperswil",
        "Schaffhausen",
        "Zuerich (Kreis 7)",
        "Fribourg",
        "Chur",
        "Neuchatel",
        "Vernier",
        "Zuerich (Kreis 6)",
        "Zuerich (Kreis 2)",
        "Zuerich (Kreis 9) / Altstetten",
        "Zuerich (Kreis 12)",
        "Sitten",
        "Lancy",
        "Zuerich (Kreis 4) / Aussersihl",
        "Emmen",
        "Kriens",
        "Yverdon-les-Bains",
        "Zug",
        "Uster",
        "Montreux",
        "Frauenfeld",
        "Zuerich (Kreis 3) / Sihlfeld",
        "Dietikon",
        "Baar",
        "Zuerich (Kreis 6) / Unterstrass",
        "Riehen",
        "Dubendorf",
        "Meyrin",
        "Carouge",
        "Wettingen",
        "Allschwil",
        "Zuerich (Kreis 11) / Oerlikon",
        "Zuerich (Kreis 11) / Seebach",
        "Renens",
        "Kreuzlingen",
        "Jona",
        "Onex",
        "Zuerich (Kreis 11) / Affoltern",
        "Zuerich (Kreis 10) / Hoengg",
        "Gossau",
        "Muttenz",
        "Wil",
        "Nyon",
        "Bellinzona",
        "Zuerich (Kreis 9) / Albisrieden",
        "Olten",
        "Oberwinterthur (Kreis 2)",
        "Kloten",
        "Pully",
        "Stadt Winterthur (Kreis 1)",
        "Littau",
        "Baden",
        "Zuerich (Kreis 2) / Wollishofen"
    ],
    "Bulgaria": [
        "Sofia",
        "Plovdiv",
        "Varna",
        "Burgas",
        "Ruse",
        "Stara Zagora",
        "Pleven",
        "Sliven",
        "Dobrich",
        "Shumen",
        "Pernik",
        "Yambol",
        "Haskovo",
        "Pazardzhik",
        "Blagoevgrad",
        "Veliko Turnovo",
        "Gabrovo",
        "Vratsa",
        "Kazanlak",
        "Vidin",
        "Asenovgrad",
        "Kardzhali",
        "Kyustendil",
        "Montana",
        "Dimitrovgrad",
        "Lovech",
        "Silistra",
        "Razgrad",
        "Targovishte",
        "Dupnitsa",
        "Gorna Oryahovitsa",
        "Svishtov",
        "Smolyan",
        "Petrich",
        "Samokov",
        "Lom",
        "Sandanski",
        "Sevlievo",
        "Nova Zagora",
        "Velingrad",
        "Cherven Bryag",
        "Troyan",
        "Aytos",
        "Botevgrad",
        "Gotse Delchev",
        "Karlovo",
        "Karnobat",
        "Panagyurishte",
        "Svilengrad",
        "Harmanli",
        "Peshtera",
        "Chirpan",
        "Parvomay",
        "Popovo",
        "Rakovski",
        "Berkovitsa"
    ],
    "Denmark": [
        "Copenhagen",
        "Arhus",
        "Odense",
        "Aalborg",
        "Frederiksberg",
        "Esbjerg",
        "Horsens",
        "Randers",
        "Kolding",
        "Vejle",
        "Hvidovre",
        "Greve",
        "Herning",
        "Roskilde",
        "Silkeborg",
        "Naestved",
        "Charlottenlund",
        "Ballerup",
        "Vanlose",
        "Fredericia",
        "Horsholm",
        "Helsingor",
        "Viborg",
        "Koge",
        "Holstebro",
        "Slagelse",
        "Taastrup",
        "Hillerod",
        "Albertslund",
        "Rodovre",
        "Svendborg",
        "Sonderborg",
        "Hjorring",
        "Holbaek",
        "Frederikshavn",
        "Norresundby",
        "Haderslev",
        "Skive",
        "Glostrup",
        "Ringsted",
        "Stenlose",
        "Ishoj",
        "Birkerod",
        "Farum",
        "Nykobing Falster",
        "Aabenraa",
        "Kalundborg",
        "Nyborg",
        "Lillerod",
        "Korsor"
    ],
    "Finland": [
        "Helsinki",
        "Espoo",
        "Tampere",
        "Vantaa",
        "Turku",
        "Oulu",
        "Lahti",
        "Kuopio",
        "Jyvaeskylae",
        "Pori",
        "Lappeenranta",
        "Vaasa",
        "Kotka",
        "Joensuu",
        "Haemeenlinna",
        "Porvoo",
        "Mikkeli",
        "Hyvinge",
        "Jaervenpaeae",
        "Nurmijaervi",
        "Rauma",
        "Mellunkylae",
        "Lohja",
        "Vuosaari",
        "Kokkola",
        "Kajaani",
        "Rovaniemi",
        "Tuusula",
        "Kirkkonummi",
        "Seinaejoki",
        "Kerava",
        "Kouvola",
        "Imatra",
        "Nokia",
        "Savonlinna",
        "Kallio",
        "Riihimaeki",
        "Kaarela",
        "Vihti",
        "Salo",
        "Kangasala",
        "Raisio",
        "Karhula",
        "Kemi",
        "Iisalmi",
        "Varkaus",
        "Raahe",
        "Yloejaervi",
        "Hamina",
        "Kaarina",
        "Tornio",
        "Heinola",
        "Hollola",
        "Valkeakoski",
        "Siilinjaervi",
        "Lauttasaari",
        "Sibbo",
        "Jakobstad",
        "Lempaeaelae",
        "Maentsaelae",
        "Forssa",
        "Kuusamo",
        "Munkkiniemi",
        "Haukipudas",
        "Korsholm",
        "Laukaa",
        "Anjala",
        "Uusikaupunki",
        "Janakkala",
        "Pirkkala"
    ],
    "Norway": [
        "Oslo",
        "Bergen",
        "Trondheim",
        "Stavanger",
        "Drammen",
        "Fredrikstad",
        "Kristiansand",
        "Sandnes",
        "Tromso",
        "Sarpsborg",
        "Skien",
        "Alesund",
        "Sandefjord",
        "Haugesund",
        "Tonsberg",
        "Moss",
        "Porsgrunn",
        "Bodo",
        "Arendal",
        "Hamar",
        "Ytrebygda",
        "Larvik",
        "Halden",
        "Steinkjer",
        "Harstad",
        "Lillehammer",
        "Molde",
        "Mo i Rana",
        "Kongsberg",
        "Horten",
        "Gjovik",
        "Askoy",
        "Kristiansund"
    ],
    "Ireland": [
        "Dublin",
        "Cork",
        "Dun Laoghaire",
        "Luimneach",
        "Gaillimh",
        "Tallaght",
        "Waterford",
        "Swords",
        "Drogheda",
        "Dundalk",
        "Navan",
        "Ennis",
        "Balbriggan",
        "Tralee",
        "Sandyford",
        "Kilkenny",
        "Naas",
        "Sligo",
        "Carlow",
        "Loch Garman",
        "Finglas",
        "Celbridge",
        "Droichead Nua",
        "Cluain Meala",
        "An Muileann gCearr",
        "Letterkenny",
        "Blanchardstown",
        "Athlone",
        "Malahide",
        "Leixlip",
        "Donaghmede",
        "Lucan"
    ],
    "India": [
        "Mumbai",
        "Delhi",
        "Bengaluru",
        "Kolkata",
        "Chennai",
        "Ahmedabad",
        "Hyderabad",
        "Pune",
        "Surat",
        "Kanpur",
        "Jaipur",
        "Navi Mumbai",
        "Lucknow",
        "Nagpur",
        "Indore",
        "Patna",
        "Bhopal",
        "Ludhiana",
        "Tirunelveli",
        "Agra",
        "Vadodara",
        "Gorakhpur",
        "Nashik",
        "Pimpri",
        "Kalyan",
        "Thane",
        "Meerut",
        "Nowrangapur",
        "Faridabad",
        "Ghaziabad",
        "Dombivli",
        "Rajkot",
        "Varanasi",
        "Amritsar",
        "Allahabad",
        "Visakhapatnam",
        "Teni",
        "Jabalpur",
        "Haora",
        "Aurangabad",
        "Shivaji Nagar",
        "Solapur",
        "Srinagar",
        "Chandigarh",
        "Coimbatore",
        "Jodhpur",
        "Madurai",
        "Guwahati",
        "Gwalior",
        "Vijayawada",
        "Mysore",
        "Ranchi",
        "Hubli",
        "Jalandhar",
        "Thiruvananthapuram",
        "Salem",
        "Tiruchirappalli",
        "Kota",
        "Bhubaneshwar",
        "Aligarh",
        "Bareilly",
        "Moradabad",
        "Bhiwandi",
        "Raipur",
        "Gorakhpur",
        "Bhilai",
        "Jamshedpur",
        "Borivli",
        "Cochin",
        "Amravati"
    ],
    "China": [
        "Shanghai",
        "Beijing",
        "Tianjin",
        "Guangzhou",
        "Shenzhen",
        "Wuhan",
        "Dongguan",
        "Chongqing",
        "Chengdu",
        "Nanjing",
        "Nanchong",
        "Xi'an",
        "Shenyang",
        "Hangzhou",
        "Harbin",
        "Tai'an",
        "Suzhou",
        "Shantou",
        "Jinan",
        "Zhengzhou",
        "Changchun",
        "Dalian",
        "Kunming",
        "Qingdao",
        "Foshan",
        "Puyang",
        "Wuxi",
        "Xiamen",
        "Tianshui",
        "Ningbo",
        "Shiyan",
        "Taiyuan",
        "Tangshan",
        "Hefei",
        "Zibo",
        "Zhongshan",
        "Changsha",
        "Urumqi",
        "Shijiazhuang",
        "Lanzhou",
        "Yunfu",
        "Nanchang",
        "Dadonghai",
        "Ordos",
        "Jilin",
        "Bayan Nur",
        "Kunshan",
        "Xinyang",
        "Fushun",
        "Luoyang",
        "Guankou",
        "Handan",
        "Baotou",
        "Xuchang",
        "Yueyang",
        "Anshan",
        "Tongshan",
        "Fuzhou",
        "Guiyang",
        "Lijiang",
        "Datong",
        "Changshu City",
        "Xianyang",
        "Huainan",
        "Jieyang",
        "Zhu Cheng City",
        "Baoding",
        "Benxi",
        "Changzhou",
        "Huaibei"
    ],
    "Japan": [
        "Tokyo",
        "Yokohama",
        "Osaka",
        "Nagoya",
        "Sapporo",
        "Kobe",
        "Kyoto",
        "Fukuoka",
        "Kawasaki",
        "Saitama",
        "Hiroshima",
        "Yono",
        "Sendai",
        "Kitakyushu",
        "Chiba",
        "Sakai",
        "Shizuoka",
        "Kumamoto",
        "Okayama",
        "Hamamatsu",
        "Hachioji",
        "Honcho",
        "Kagoshima",
        "Niigata",
        "Himeji",
        "Matsudo",
        "Nishinomiya-hama",
        "Kawaguchi",
        "Kanazawa",
        "Utsunomiya",
        "Oita",
        "Matsuyama",
        "Amagasaki",
        "Kurashiki",
        "Yokosuka",
        "Nagasaki",
        "Hirakata",
        "Machida",
        "Gifu-shi",
        "Fujisawa",
        "Toyonaka",
        "Fukuyama",
        "Toyohashi",
        "Minato",
        "Nara-shi",
        "Toyota",
        "Nagano",
        "Iwaki",
        "Asahikawa",
        "Takatsuki",
        "Okazaki",
        "Suita",
        "Wakayama",
        "Koriyama",
        "Kashiwa",
        "Tokorozawa",
        "Kawagoe",
        "Kochi",
        "Takamatsu",
        "Toyama",
        "Akita",
        "Koshigaya",
        "Miyazaki",
        "Naha",
        "Kasugai",
        "Aomori",
        "Otsu",
        "Akashi",
        "Yokkaichi",
        "Morioka"
    ],
    "South Korea": [
        "Seoul",
        "Busan",
        "Incheon",
        "Daegu",
        "Daejeon",
        "Gwangju",
        "Suwon",
        "Goyang-si",
        "Seongnam-si",
        "Ulsan",
        "Bucheon-si",
        "Jeonju",
        "Ansan-si",
        "Cheongju-si",
        "Anyang-si",
        "Changwon",
        "Pohang",
        "Uijeongbu-si",
        "Hwaseong-si",
        "Masan",
        "Jeju City",
        "Cheonan",
        "Kwangmyong",
        "Kimhae",
        "Chinju",
        "Yeosu",
        "Gumi",
        "Iksan",
        "Mokpo",
        "Gunsan",
        "Wonju",
        "Suncheon",
        "Sejong",
        "Chuncheon",
        "Icheon-si",
        "Guri-si",
        "Gangneung",
        "Yangju",
        "Osan",
        "Seogwipo",
        "Gyeongju",
        "Gimcheon",
        "Jeongeup",
        "Hanam",
        "Gyeongsan-si",
        "Andong",
        "Hwado",
        "Tonghae",
        "Asan",
        "Wabu",
        "Namyangju",
        "Kwangyang",
        "Hongseong",
        "Sokcho",
        "Eisen",
        "Wanju",
        "Yangp'yong",
        "Ungsang",
        "Sinhyeon",
        "Gwangju",
        "Mungyeong",
        "Naeso",
        "Muan",
        "Hongch'on",
        "Changnyeong",
        "Seosan",
        "Koch'ang",
        "Gongju",
        "Kyosai",
        "Yangsan"
    ],
    "Malaysia": [
        "Kota Bharu",
        "Kuala Lumpur",
        "Klang",
        "Kampung Baru Subang",
        "Johor Bahru",
        "Subang Jaya",
        "Ipoh",
        "Kuching",
        "Petaling Jaya",
        "Shah Alam",
        "Kota Kinabalu",
        "Sandakan",
        "Seremban",
        "Kuantan",
        "Tawau",
        "George Town",
        "Kuala Terengganu",
        "Sungai Petani",
        "Miri",
        "Taiping",
        "Alor Setar",
        "Bukit Mertajam",
        "Sepang",
        "Sibu",
        "Malacca",
        "Kulim",
        "Kluang",
        "Skudai",
        "Batu Pahat",
        "Bintulu",
        "Kampung Pasir Gudang Baru",
        "Kampung Sungai Ara",
        "Tasek Glugor",
        "Muar",
        "Rawang",
        "Butterworth",
        "Lahad Datu",
        "Semenyih",
        "Port Dickson",
        "Cukai",
        "Putatan",
        "Keningau",
        "Ulu Tiram",
        "Victoria",
        "Taman Senai",
        "Donggongon",
        "Segamat",
        "Kampong Baharu Balakong",
        "Perai",
        "Kangar",
        "Kulai",
        "Jitra",
        "Teluk Intan",
        "Semporna",
        "Putra Heights",
        "Temerluh",
        "Kampong Dungun",
        "Simpang Empat",
        "Kuala Selangor",
        "Kampung Bukit Baharu",
        "Bandar Labuan",
        "Kota Tinggi",
        "Pontian Kechil",
        "Putrajaya",
        "Bentong Town",
        "Banting",
        "Bedong",
        "Batu Gajah",
        "Mentekab",
        "Nibong Tebal"
    ],
    "Thailand": [
        "Bangkok",
        "Samut Prakan",
        "Mueang Nonthaburi",
        "Udon Thani",
        "Chon Buri",
        "Nakhon Ratchasima",
        "Chiang Mai",
        "Hat Yai",
        "Pak Kret",
        "Si Racha",
        "Phra Pradaeng",
        "Lampang",
        "Khon Kaen",
        "Surat Thani",
        "Ubon Ratchathani",
        "Nakhon Si Thammarat",
        "Khlong Luang",
        "Nakhon Pathom",
        "Rayong",
        "Phitsanulok",
        "Chanthaburi",
        "Pattaya",
        "Yala",
        "Ratchaburi",
        "Nakhon Sawan",
        "Phuket",
        "Ban Mai",
        "Songkhla",
        "Phra Nakhon Si Ayutthaya",
        "Chiang Rai",
        "Bang Kruai",
        "Sakon Nakhon",
        "Krathum Baen",
        "Saraburi",
        "Trang",
        "Sattahip",
        "Kanchanaburi",
        "Nong Khai",
        "Samut Sakhon",
        "Ban Lam Luk Ka",
        "Kamphaeng Phet",
        "Chaiyaphum",
        "Uttaradit",
        "Lop Buri",
        "Ban Pong",
        "Phra Phutthabat",
        "Chumphon",
        "Klaeng",
        "Kalasin",
        "Suphan Buri",
        "Tha Maka",
        "Ban Talat Yai",
        "Maha Sarakham",
        "Phetchabun",
        "Hua Hin",
        "Ko Samui",
        "Chachoengsao",
        "Cha-am",
        "Pak Chong",
        "Narathiwat",
        "Pran Buri",
        "Surin",
        "Phetchaburi",
        "Chum Phae",
        "Sadao",
        "Si Sa Ket",
        "Mae Sot",
        "Pattani",
        "Phatthalung",
        "Lamphun"
    ],
    "Indonesia": [
        "Jakarta",
        "Surabaya",
        "Medan",
        "Bandung",
        "Bekasi",
        "Palembang",
        "Tangerang",
        "Makassar",
        "South Tangerang",
        "Semarang",
        "Depok",
        "Batam",
        "Padang",
        "Denpasar",
        "Bandar Lampung",
        "Bogor",
        "Malang",
        "Pekanbaru",
        "City of Balikpapan",
        "Yogyakarta",
        "Situbondo",
        "Banjarmasin",
        "Surakarta",
        "Cimahi",
        "Pontianak",
        "Manado",
        "Balikpapan",
        "Jambi City",
        "Ambon",
        "Samarinda",
        "Mataram",
        "Percut",
        "Bengkulu",
        "Jember",
        "Palu",
        "Kupang",
        "Sukabumi",
        "Tasikmalaya",
        "Pekalongan",
        "Cirebon",
        "Banda Aceh",
        "Tegal",
        "Kediri",
        "Binjai",
        "Purwokerto",
        "Purwakarta",
        "Loa Janan",
        "Pematangsiantar",
        "Ciputat",
        "Ciampea",
        "Cileungsir",
        "Rengasdengklok",
        "Sumedang",
        "Kendari",
        "Parung",
        "Tanjung Pinang",
        "Curug",
        "Labuan Bajo",
        "Cibinong",
        "Madiun",
        "Pemalang",
        "Lembang",
        "Probolinggo",
        "Pamulang",
        "Cikupa",
        "Salatiga",
        "Plumbon",
        "Banjaran",
        "Serang",
        "Lawang"
    ],
    "Singapore": [
        "Adam Park",
        "Adelphi Park Estate",
        "Admiralty",
        "Ah Soo Garden",
        "Aik Hong and Aik Chiang Estate",
        "Alexandra Estate",
        "Ama Keng",
        "Ang Mo Kio New Town",
        "Ardmore Flats",
        "Ayer Raja New Town",
        "Bajau Estate",
        "Bamboo Grove Park",
        "Ban Guan Park",
        "Banta Tengeh",
        "Bedok Garden",
        "Bedok New Town",
        "Bedok Village",
        "Bedok Ville",
        "Bena Park",
        "Bin Tong Park",
        "Bishan New Town",
        "Boon Lay",
        "Boon Lay Resettlement Area",
        "Braddell Heights Estate",
        "Brickworks Estate",
        "Bright Hill Crescent",
        "Brizay Park",
        "Bugis",
        "Bukit Batok New Town",
        "Bukit Ho Swee Estate",
        "Bukit Mandai Village",
        "Bukit Merah Estate",
        "Bukit Panjang Estate",
        "Bukit Panjang New Town",
        "Bukit Sembawang Estate",
        "Bukit Timah",
        "Bulim",
        "Buona Vista",
        "Caldecott Hill Estate",
        "Camden Park",
        "Central Water Catchment",
        "Chai Chee Estate",
        "Changi Village",
        "Charlton Park",
        "Chia Keng",
        "Chia Tong Quah Estate",
        "Chinese Gardens",
        "Chip Hock Garden",
        "Choa Chu Kang New Town",
        "Chong Pang",
        "Chye Kay",
        "Clementi Housing Estate",
        "Coronation Gardens",
        "Delta Estate",
        "Delta Road",
        "Dragon View Park",
        "Dunearn Estate",
        "East View Garden",
        "Eastern Gardens",
        "Eden Park",
        "Eng Khong Gardens",
        "Eunos",
        "Ewart Park",
        "Faber Garden",
        "Faber Hills",
        "Fernhill Gardens",
        "Fish Farming Estate",
        "Frankel Estate",
        "Fuyong Estate",
        "Gay World Park",
        "Geylang",
        "Ghim Moh",
        "Goldhill Gardens",
        "Hai Sing Park",
        "Happy Gardens",
        "HarbourFront",
        "Heap Guan Village",
        "Henderson Estate",
        "Hillcrest Park",
        "Holland Grove Park",
        "Holland Village",
        "Hong Kah",
        "Hong Kong Park",
        "Hong Leong Garden",
        "Hougang New Town",
        "Huat Choe",
        "Hume Heights",
        "Hun Yeang",
        "Island View Estate",
        "Jalan Kayu",
        "Johor",
        "Jurong East",
        "Jurong Town",
        "Jurong West",
        "Kaki Bukit Estate",
        "Kalang",
        "Kam Wak Hassan",
        "Kampong Amber",
        "Kampong Amoy Quee",
        "Kampong Ayer Bajau",
        "Kampong Ayer Gemuruh",
        "Kampong Ayer Limau",
        "Kampong Ayer Merbau",
        "Kampong Ayer Samak Darat",
        "Kampong Baharu",
        "Kampong Bahru",
        "Kampong Batu Koyok",
        "Kampong Belimbing",
        "Kampong Bereh",
        "Kampong Beremban",
        "Kampong Blukang",
        "Kampong Bugis",
        "Kampong Bukit Panjang",
        "Kampong Chai Chee",
        "Kampong Changi",
        "Kampong Chantek Baharu",
        "Kampong Che Jevah",
        "Kampong Cutforth",
        "Kampong Darat Nanas",
        "Kampong Eunos",
        "Kampong Harvey",
        "Kampong Hock Soon",
        "Kampong Jagoh",
        "Kampong Java Teban",
        "Kampong Jelutong",
        "Kampong Kebun Baharu",
        "Kampong Kitin",
        "Kampong Kopit",
        "Kampong Kranji",
        "Kampong Kuchai",
        "Kampong Ladang",
        "Kampong Lew Lian",
        "Kampong Loyang",
        "Kampong Mak Baok",
        "Kampong Mamam",
        "Kampong Mandai Kechil",
        "Kampong Melayu",
        "Kampong Noordin",
        "Kampong O'Carroll Scott",
        "Kampong Pachitan",
        "Kampong Padang Terbakar",
        "Kampong Pahang",
        "Kampong Pasir",
        "Kampong Pasir Merah",
        "Kampong Pasir Ris",
        "Kampong Pengkalan Kundor",
        "Kampong Pengkalan Pakau",
        "Kampong Pengkalan Petai",
        "Kampong Perigi Piau",
        "Kampong Permatang",
        "Kampong Pesek",
        "Kampong Pinang",
        "Kampong Potong Pasir",
        "Kampong Pulau Kechil",
        "Kampong Punggol",
        "Kampong Reteh",
        "Kampong Saigon",
        "Kampong Sakeng",
        "Kampong Salabin",
        "Kampong San Teng",
        "Kampong Sanyongkong",
        "Kampong Sanyonkong Parit",
        "Kampong Sek Lim",
        "Kampong Seminei",
        "Kampong Serangoon Kechil",
        "Kampong Seraya",
        "Kampong Silat Estate",
        "Kampong Sireh",
        "Kampong Siren",
        "Kampong Soopoo",
        "Kampong Sudong",
        "Kampong Sultan",
        "Kampong Sungai Belang",
        "Kampong Sungai Blukar",
        "Kampong Sungai Jurong",
        "Kampong Sungai Pandan",
        "Kampong Sungai Tengah",
        "Kampong Tampines",
        "Kampong Tanah Merah",
        "Kampong Tanah Merah Kechil",
        "Kampong Tanjong Irau",
        "Kampong Tanjong Penjuru",
        "Kampong Teban",
        "Kampong Tebing Terjun",
        "Kampong Telok",
        "Kampong Todak",
        "Kampong Tongkang Pechah",
        "Kampong Tulloch",
        "Kampong Ubi",
        "Kampong Ulu Jurong",
        "Kampong Ulu Pandan",
        "Kampong Unum",
        "Kampong Wak Bechik",
        "Kampong Wak Dulah",
        "Kampong Wak Hassan",
        "Kampong Wak Sekak",
        "Kampong Wak Tanjong",
        "Kampong Wing Loong",
        "Kampong Woodleigh",
        "Kangkar",
        "Keat Hong Village",
        "Kembangan",
        "Kent Ridge",
        "Kian Hong Estate",
        "Kian Teck San Estate",
        "Kilburn Estate",
        "Kim Chuan",
        "Kimlin Park",
        "King Albert Park",
        "Kingsmead Hall",
        "Lam Kiong Estate",
        "Lam San Village",
        "Lavender",
        "Leedon Park",
        "Lim Chu Kang",
        "Lim Chu Kang Estate",
        "Lokyang",
        "Lorong Tiga Estate",
        "Lower Delta Road",
        "Lucky Hills",
        "Lucky Park",
        "MacPherson",
        "Marina Bay",
        "Marine Parade",
        "Marsiling",
        "Marsiling Estate",
        "Maryland Estate",
        "Mata Ikan",
        "Matilda Estate",
        "Mayflower Estate",
        "McMahon Park",
        "Medway Park",
        "Mok Peng Hiang Estate",
        "Mount Emily Park",
        "Mount Pleasant",
        "Mount Rosie",
        "Mount Vernon",
        "Namazie Estate",
        "Nee Soon Estate",
        "Nepal Park",
        "Newton",
        "Ng Kay Boon Estate",
        "Night Safari",
        "Novena",
        "Oei Tiong Ham Park",
        "Old Kallang Airport Estate",
        "Ong Lee",
        "Opera Estate",
        "Orchard",
        "Outram Park",
        "Pandan Valley",
        "Pasir Panjang",
        "Pasir Ris New Town",
        "Paya Lebar",
        "People's Park",
        "Peoples Garden",
        "Perseverance Estate",
        "Phoenix Park",
        "Playfair Estate",
        "Prince Edward Park",
        "Prince Edward Point",
        "Princess Elizabeth Estate",
        "Pulau Minyak",
        "Pulau Ubin Village",
        "Punggol",
        "Punggol Estate",
        "Queen Astrid Park",
        "Queenstown Estate",
        "Quemoy Park",
        "Race Course Village",
        "Radin Mas",
        "Raffles Park",
        "Raffles Place",
        "Raya Garden",
        "Rebecca Park",
        "River Valley",
        "Rochester Park",
        "Rose Garden",
        "Saga",
        "Saint Michael's Estate",
        "Sam Heng Estate",
        "Sarang Rimau",
        "Sea View Estate",
        "Seletar",
        "Seletar Hills Estate",
        "Sembawang Estate",
        "Sembawang Hills Estate",
        "Sengkang New Town",
        "Sennett Estate",
        "Sentosa",
        "Serangoon",
        "Serangoon Garden Estate",
        "Serangoon New Town",
        "Shamrock Park",
        "Siew Lim Park",
        "Simei New Town",
        "Simpang Bedok Village",
        "Sin Watt Estate",
        "Singapore",
        "Singapore United Plantation",
        "Somapah Changi",
        "Somapah Serangoon",
        "Sommerville Estate",
        "Song Hah Estate",
        "Soo Chow Garden",
        "Spring Park Estate",
        "Springleaf Park",
        "Sungai Mandai Village",
        "Sungai Simpang",
        "Sungai Unum Estate",
        "Sussex Estate",
        "Tai Hwan Gardens",
        "Tai Kheng Gardens",
        "Tai Seng",
        "Tampines Estate",
        "Tampines New Town",
        "Tan Hua Gek Estate",
        "Tanglin",
        "Tanglin Halt",
        "Tanglin Hill",
        "Tanjong Pagar",
        "Tay Keng Loon Estate",
        "Teacher's Housing Estate",
        "Teck Chong Estate",
        "Teck Hock",
        "Telok Blangah New Town",
        "Tengah",
        "Thomson",
        "Thomson Garden Estate",
        "Thomson Park",
        "Thomson Ridge Estate",
        "Thong Hoe Village",
        "Tian Guan Estate",
        "Tiong Bahru Estate",
        "Tiong Guan Estate",
        "Toa Payoh New Town",
        "Tua Kang Lye",
        "Tuas",
        "Tyersall Park",
        "Ulu Bedok",
        "Victoria Park",
        "Watten Estate",
        "Watten Park",
        "Wessex Estate",
        "West Coast Village",
        "Windsor Park Estate",
        "Woodlands",
        "Woodleigh Park",
        "Woollerton Park",
        "Xilin Estate",
        "Yan Kit",
        "Yew Tee",
        "Yio Chu Kang",
        "Yio Chu Kang Estate",
        "Yishun New Town",
        "York Hill Estate"
    ],
    "Taiwan": [
        "Changhua",
        "Chiayi",
        "Chiayi City",
        "Hsinchu",
        "Hsinchu City",
        "Hualien",
        "Kaohsiung City",
        "Keelung City",
        "Miaoli",
        "Nantou",
        "New Taipei City",
        "Penghu",
        "Pingtung",
        "Taichung City",
        "Tainan City",
        "Taipei City",
        "Taitung",
        "Taoyuan",
        "Yilan",
        "Yunlin"
    ],
    "Vietnam": [
        "Ho Chi Minh City",
        "Hanoi",
        "Da Nang",
        "Haiphong",
        "Bien Hoa",
        "Hue",
        "Nha Trang",
        "Can Tho",
        "Rach Gia",
        "Qui Nhon",
        "Vung Tau",
        "Da Lat",
        "Nam Dinh",
        "Vinh",
        "GJuc Trong",
        "La Gi",
        "Phan Thiet",
        "Long Xuyen",
        "Can Giuoc",
        "Bao Loc",
        "Ha Long",
        "Buon Ma Thuot",
        "Cam Ranh",
        "Sa Pa",
        "Cam Pha Mines",
        "Thai Nguyen",
        "My Tho",
        "Soc Trang",
        "Pleiku",
        "Thanh Hoa",
        "Ca Mau",
        "Bac Lieu",
        "Yen Vinh",
        "Hoa Binh",
        "Vinh Long",
        "Yen Bai",
        "Song Cau",
        "Viet Tri",
        "Phan Rang-Thap Cham",
        "Thu Dau Mot",
        "Cung Kiem",
        "Cu Chi",
        "Mong Cai",
        "Cho Dok",
        "Tuy Hoa",
        "Tan An",
        "Thanh Pho Uong Bi",
        "Cao Lanh",
        "Sa Dec",
        "Ben Tre",
        "Tam Ky",
        "Hai Duong",
        "Tra Vinh",
        "Lang Son",
        "Can Gio",
        "Bim Son",
        "Bac Giang",
        "Thai Binh",
        "Ha Dong",
        "Phu Khuong",
        "Kon Tum",
        "Bac Ninh",
        "Cao Bang",
        "Son Tay",
        "Dien Bien Phu",
        "Hung Yen",
        "Ha Tien",
        "Ninh Binh",
        "Lao Cai",
        "Tay Ninh"
    ],
    "Australia": [
        "Sydney",
        "Melbourne",
        "Brisbane",
        "Perth",
        "Adelaide",
        "Gold Coast",
        "Canberra",
        "Newcastle",
        "Wollongong",
        "Logan City",
        "Geelong",
        "Hobart",
        "Townsville",
        "Cairns",
        "Toowoomba",
        "Darwin",
        "Rockingham",
        "Launceston",
        "Bendigo",
        "Ballarat",
        "Mandurah",
        "Mackay",
        "Bundaberg",
        "Bunbury",
        "Maitland",
        "Armadale",
        "Rockhampton",
        "Adelaide Hills",
        "South Brisbane",
        "Hervey Bay",
        "Reservoir",
        "Tamworth",
        "Wagga Wagga",
        "Albury",
        "Berwick",
        "Port Macquarie",
        "Queanbeyan",
        "Orange",
        "Blacktown",
        "Shepparton",
        "Caloundra",
        "Hoppers Crossing",
        "Werribee",
        "Melton",
        "Castle Hill",
        "Saint Albans",
        "Nowra",
        "Frankston",
        "Frankston East",
        "Rowville",
        "Warrnambool",
        "Baulkham Hills",
        "Albany",
        "Mount Waverley",
        "St Albans",
        "Auburn",
        "Bathurst",
        "Pakenham South",
        "Point Cook",
        "Dubbo",
        "Epping",
        "Wodonga",
        "Kalgoorlie",
        "Bankstown",
        "Mill Park",
        "Gladstone",
        "Kwinana",
        "Lismore",
        "Mildura",
        "Preston"
    ],
    "New Zealand": [
        "Auckland",
        "Wellington",
        "Christchurch",
        "Manukau City",
        "Waitakere",
        "North Shore",
        "Hamilton",
        "Dunedin",
        "Tauranga",
        "Lower Hutt",
        "Palmerston North",
        "Rotorua",
        "Hastings",
        "Nelson",
        "Napier",
        "Mangere",
        "Porirua",
        "Whangarei",
        "New Plymouth",
        "Invercargill",
        "Wanganui",
        "Upper Hutt",
        "Gisborne",
        "Ashburton",
        "Papakura",
        "Timaru",
        "Blenheim",
        "Paraparaumu",
        "Taupo",
        "Pukekohe East",
        "Masterton",
        "Levin",
        "Whakatane",
        "Taradale",
        "Cambridge"
    ],
    "Egypt": [
        "Cairo",
        "Alexandria",
        "Giza",
        "Port Said",
        "Suez",
        "Al Mahallah al Kubra",
        "Luxor",
        "Asyut",
        "Al Mansurah",
        "Tanda",
        "Al Fayyum",
        "Zagazig",
        "Ismailia",
        "Kafr ad Dawwar",
        "Aswan",
        "Qina",
        "Halwan",
        "Damanhur",
        "Al Minya",
        "Idku",
        "Sohag",
        "New Cairo",
        "Bani Suwayf",
        "Shibin al Kawm",
        "Banha",
        "Talkha",
        "Kafr ash Shaykh",
        "Mallawi",
        "Dikirnis",
        "Idfu",
        "Bilbays",
        "Arish",
        "Jirja",
        "Al Hawamidiyah",
        "Bilqas",
        "Disuq",
        "Abu Kabir",
        "Qalyub",
        "Akhmim",
        "Al Matariyah",
        "Hurghada",
        "Zefta",
        "Tahta",
        "Samalut",
        "Bush",
        "Hawsh `Isa",
        "Munuf",
        "Ashmun",
        "Manfalut",
        "Damietta",
        "Kafr az Zayyat",
        "Abu Tij",
        "Isna",
        "Abnub",
        "Al Qusiyah",
        "Al Jammaliyah",
        "Dayrut",
        "Al Kharijah",
        "Toukh",
        "Al Manzalah",
        "Rosetta",
        "Awsim",
        "Al Fashn",
        "Fuwwah",
        "Faqus",
        "Al Khankah",
        "Mersa Matruh",
        "Al Qurayn",
        "Abu Qurqas",
        "Al Manshah"
    ],
    "UAE": [
        "Dubai",
        "Abu Dhabi",
        "Sharjah",
        "Al Ain",
        "Ajman",
        "Ras al-Khaimah",
        "Al Fujayrah",
        "Umm al Qaywayn",
        "Khawr Fakkan",
        "Dibba Al-Fujairah",
        "Dibba Al-Hisn",
        "Adh Dhayd",
        "Ar Ruways"
    ],
    "KSA": [
        "Riyadh",
        "Jeddah",
        "Mecca",
        "Medina",
        "Sultanah",
        "Dammam",
        "Ta'if",
        "Tabuk",
        "Al Kharj",
        "Buraydah",
        "Khamis Mushait",
        "Al Hufuf",
        "Al Mubarraz",
        "Hafar Al-Batin",
        "Ha'il",
        "Najran",
        "Al Jubayl",
        "Abha",
        "Yanbu",
        "Khobar",
        "Arar",
        "Sakakah",
        "Jizan",
        "Qurayyat",
        "Dhahran",
        "Al Qatif",
        "Al Bahah",
        "Tarut",
        "Qal`at Bishah",
        "Ar Rass",
        "Ash Shafa",
        "Sayhat",
        "Al Mithnab",
        "Al Khafji",
        "Ad Dawadimi",
        "Sabya",
        "Az Zulfi",
        "Abu `Arish",
        "Safwa",
        "Afif",
        "Rabigh",
        "Rahimah",
        "Turaif",
        "Tubarjal",
        "Ad Dilam",
        "Umm Lajj",
        "Al-`Ula",
        "Abqaiq",
        "Badr Hunayn",
        "Samitah",
        "Al Wajh",
        "Al Bukayriyah",
        "An Nimas",
        "As Sulayyil",
        "Turabah",
        "Al Jumum",
        "Duba",
        "At Taraf",
        "Qaisumah",
        "Al Battaliyah",
        "Al Munayzilah"
    ],
    "South Africa": [
        "Cape Town",
        "Durban",
        "Johannesburg",
        "Soweto",
        "Pretoria",
        "Port Elizabeth",
        "Pietermaritzburg",
        "Benoni",
        "Tembisa",
        "East London",
        "Vereeniging",
        "Bloemfontein",
        "Boksburg",
        "Welkom",
        "Newcastle",
        "Krugersdorp",
        "Diepsloot",
        "Randburg",
        "Botshabelo",
        "Brakpan",
        "Witbank",
        "Richards Bay",
        "Vanderbijlpark",
        "Centurion",
        "Uitenhage",
        "Roodepoort",
        "Paarl",
        "Springs",
        "Carletonville",
        "Klerksdorp",
        "Midrand",
        "Westonaria",
        "Middelburg",
        "Vryheid",
        "Orkney",
        "Kimberley",
        "eMbalenhle",
        "Nigel",
        "Mpumalanga",
        "Bhisho",
        "Randfontein",
        "Worcester",
        "Rustenburg",
        "Polokwane",
        "Potchefstroom",
        "Virginia",
        "Brits",
        "Alberton",
        "Nelspruit",
        "Phalaborwa",
        "Queenstown",
        "Kroonstad",
        "Bethal",
        "Mokopane",
        "Mabopane",
        "Kutloanong",
        "Stellenbosch",
        "Stilfontein",
        "Delmas",
        "Grahamstown",
        "Warmbaths",
        "Louis Trichardt",
        "Dundee",
        "Piet Retief",
        "Phuthaditjhaba",
        "Bethlehem",
        "Mthatha",
        "Sasolburg",
        "Mmabatho",
        "Standerton"
    ],
    "Nigeria": [
        "Lagos",
        "Kano",
        "Ibadan",
        "Kaduna",
        "Port Harcourt",
        "Benin City",
        "Maiduguri",
        "Zaria",
        "Aba",
        "Jos",
        "Ilorin",
        "Oyo",
        "Enugu",
        "Abeokuta",
        "Abuja",
        "Sokoto",
        "Onitsha",
        "Warri",
        "Ebute Ikorodu",
        "Okene",
        "Calabar",
        "Uyo",
        "Katsina",
        "Ado-Ekiti",
        "Akure",
        "Bauchi",
        "Ikeja",
        "Makurdi",
        "Minna",
        "Efon-Alaaye",
        "Ilesa",
        "Owo",
        "Umuahia",
        "Ondo",
        "Ikot Ekpene",
        "Iwo",
        "Gombe",
        "Jimeta",
        "Atani",
        "Gusau",
        "Mubi",
        "Ikire",
        "Owerri",
        "Shagamu",
        "Ijebu-Ode",
        "Ugep",
        "Nnewi",
        "Ise-Ekiti",
        "Ila Orangun",
        "Saki",
        "Bida",
        "Awka",
        "Ijero-Ekiti",
        "Inisa",
        "Suleja",
        "Sapele",
        "Osogbo",
        "Kisi",
        "Gbongan",
        "Ejigbo",
        "Funtua",
        "Igboho",
        "Buguma",
        "Ikirun",
        "Abakaliki",
        "Okrika",
        "Amaigbo",
        "Lafia",
        "Gashua",
        "Modakeke"
    ],
    "Phillipines": [
        "Quezon City",
        "Manila",
        "Caloocan City",
        "Budta",
        "Davao",
        "Malingao",
        "Cebu City",
        "General Santos",
        "Taguig",
        "Pasig City",
        "Las Pinas",
        "Antipolo",
        "Makati City",
        "Zamboanga",
        "Bacolod City",
        "Mansilingan",
        "Cagayan de Oro",
        "Dasmarinas",
        "Pasay",
        "Iloilo",
        "San Jose del Monte",
        "Bacoor",
        "Lapu-Lapu City",
        "Iligan",
        "Mandaue City",
        "Calamba",
        "Iligan City",
        "Butuan",
        "Cabuyao",
        "Mandaluyong City",
        "Binan",
        "Angeles City",
        "Santol",
        "Cainta",
        "Baguio",
        "San Pedro",
        "Mantampay",
        "San Fernando",
        "Libertad",
        "Navotas",
        "Tacloban",
        "Batangas",
        "Magugpo Poblacion",
        "Taytay",
        "Lucena",
        "Puerto Princesa",
        "Olongapo",
        "Cabanatuan City",
        "Binangonan",
        "Santa Rosa",
        "Imus",
        "Lipa City",
        "San Pablo",
        "Malolos",
        "Ormoc",
        "Panalanoy",
        "Mabalacat City",
        "Pagadian",
        "Meycauayan",
        "Tarlac City",
        "Legaspi",
        "Cotabato",
        "Naga",
        "Dagupan",
        "Toledo",
        "Guyong",
        "Bago City",
        "Marawi City",
        "Kabankalan",
        "Baliuag"
    ],
    "Kenya": [
        "Nairobi",
        "Mombasa",
        "Nakuru",
        "Eldoret",
        "Kisumu",
        "Thika",
        "Malindi",
        "Kitale",
        "Garissa",
        "Kakamega",
        "Kapenguria",
        "Bungoma",
        "Busia",
        "Nyeri",
        "Ol Kalou",
        "Meru",
        "Kilifi",
        "Wajir",
        "Mumias",
        "Voi",
        "Iten",
        "Lugulu",
        "Homa Bay",
        "Naivasha",
        "Nanyuki",
        "Mandera",
        "Narok",
        "Kericho",
        "Migori",
        "Embu",
        "Moyale",
        "Isiolo",
        "Nyahururu",
        "Machakos",
        "Rongai",
        "Pumwani",
        "Kisii",
        "Molo",
        "Kabarnet",
        "Athi River",
        "Lamu",
        "Webuye",
        "Karuri",
        "Kiambu",
        "Maralal",
        "Makueni Boma",
        "Lodwar",
        "Kitui",
        "Marsabit",
        "Siaya",
        "Kerugoya",
        "Muhoroni"
    ]
}